Filename,Label
user-icon-edited-1.png,1
user-icon-edited-2.png,1
user-icon-edited-3.png,1
user-icon-edited-4.png,1
user-icon-edited-5.png,1
user-icon-edited-6.png,1
user-icon-edited-7.png,1
user-icon-edited-8.png,1
user-icon-edited-9.png,1
user-icon-edited-10.png,1
user-icon-edited-11.png,1
user-icon-edited-12.png,1
user-icon-edited-13.png,1
user-icon-edited-14.png,1
user-icon-edited-15.png,0
user-icon-edited-16.png,0
user-icon-edited-17.png,0
user-icon-edited-18.png,0
user-icon-edited-19.png,0
user-icon-edited-20.png,0
user-icon-edited-21.png,0
user-icon-edited-22.png,0
user-icon-edited-23.png,0
user-icon-edited-24.png,0
user-icon-edited-25.png,0
user-icon-edited-26.png,1
user-icon-edited-27.png,1
user-icon-edited-28.png,1
user-icon-edited-29.png,1
user-icon-edited-30.png,1
user-icon-edited-31.png,1
user-icon-edited-32.png,1
user-icon-edited-33.png,1
user-icon-edited-34.png,1
user-icon-edited-35.png,1
user-icon-edited-36.png,1
user-icon-edited-37.png,1
user-icon-edited-38.png,1
user-icon-edited-39.png,1
user-icon-edited-40.png,1
user-icon-edited-41.png,1
user-icon-edited-42.png,1
user-icon-edited-43.png,0
user-icon-edited-44.png,0
user-icon-edited-45.png,0
user-icon-edited-46.png,0
user-icon-edited-47.png,0
user-icon-edited-48.png,0
user-icon-edited-49.png,0
user-icon-edited-50.png,0
user-icon-edited-51.png,0
